[{"date":"2021-12-04T16:00:00+00:00","city":{"name":"Ping Kong","picture":"https://firebasestorage.googleapis.com/v0/b/mobile-assignment-server.appspot.com/o/hong_kong.jpg?alt=media&token=dd206090-d3a8-4338-b57b-6d6df37cdd6f"},"tempType":"K","temp":297.73},{"date":"2021-12-04T12:00:00+00:00","city":{"name":"Budapest","picture":"https://firebasestorage.googleapis.com/v0/b/mobile-assignment-server.appspot.com/o/budapest.jpg?alt=media&token=d2bff16e-6e11-433c-89ee-3481043636b5"},"tempType":"C","temp":28.42},{"date":"2021-12-04T08:00:00+00:00","city":{"name":"Tokyo","picture":"https://firebasestorage.googleapis.com/v0/b/mobile-assignment-server.appspot.com/o/tokyo.jpg?alt=media&token=1ebb10df-b39a-4657-a00c-99219ea28d10"},"tempType":"F","temp":74.11},{"date":"2021-12-04T16:00:00+00:00","city":{"name":"Tokyo","picture":"https://firebasestorage.googleapis.com/v0/b/mobile-assignment-server.appspot.com/o/tokyo.jpg?alt=media&token=1ebb10df-b39a-4657-a00c-99219ea28d10"},"tempType":"C","temp":20.26},{"date":"2021-12-04T00:00:00+00:00","city":{"name":"Barcelona","picture":"https://firebasestorage.googleapis.com/v0/b/mobile-assignment-server.appspot.com/o/barcelona.jpg?alt=media&token=78363b9d-3c33-432c-9bf8-f60786153b13"},"tempType":"K","temp":297.03},{"date":"2021-12-04T08:00:00+00:00","city":{"name":"San Francisco","picture":"https://firebasestorage.googleapis.com/v0/b/mobile-assignment-server.appspot.com/o/san_francisco.jpg?alt=media&token=3192e915-9a72-4342-b247-072b11ca4a10"},"tempType":"C","temp":21.03},{"date":"2021-12-04T20:00:00+00:00","city":{"name":"Tokyo","picture":"https://firebasestorage.googleapis.com/v0/b/mobile-assignment-server.appspot.com/o/tokyo.jpg?alt=media&token=1ebb10df-b39a-4657-a00c-99219ea28d10"},"tempType":"K","temp":298.24},{"date":"2021-12-04T04:00:00+00:00","city":{"name":"Barcelona","picture":"https://firebasestorage.googleapis.com/v0/b/mobile-assignment-server.appspot.com/o/barcelona.jpg?alt=media&token=78363b9d-3c33-432c-9bf8-f60786153b13"},"tempType":"K","temp":298.9},{"date":"2021-12-04T12:00:00+00:00","city":{"name":"Barcelona","picture":"https://firebasestorage.googleapis.com/v0/b/mobile-assignment-server.appspot.com/o/barcelona.jpg?alt=media&token=78363b9d-3c33-432c-9bf8-f60786153b13"},"tempType":"C","temp":21.09},{"date":"2021-12-04T20:00:00+00:00","city":{"name":"Barcelona","picture":"https://firebasestorage.googleapis.com/v0/b/mobile-assignment-server.appspot.com/o/barcelona.jpg?alt=media&token=78363b9d-3c33-432c-9bf8-f60786153b13"},"tempType":"K","temp":303.06},{"date":"2021-12-04T08:00:00+00:00","city":{"name":"Budapest","picture":"https://firebasestorage.googleapis.com/v0/b/mobile-assignment-server.appspot.com/o/budapest.jpg?alt=media&token=d2bff16e-6e11-433c-89ee-3481043636b5"},"tempType":"F","temp":81.2},{"date":"2021-12-04T20:00:00+00:00","city":{"name":"Hong Kong","picture":"https://firebasestorage.googleapis.com/v0/b/mobile-assignment-server.appspot.com/o/hong_kong.jpg?alt=media&token=dd206090-d3a8-4338-b57b-6d6df37cdd6f"},"tempType":"K","temp":298.18},{"date":"2021-12-04T00:00:00+00:00","city":{"name":"Hong Kong","picture":"https://firebasestorage.googleapis.com/v0/b/mobile-assignment-server.appspot.com/o/hong_kong.jpg?alt=media&token=dd206090-d3a8-4338-b57b-6d6df37cdd6f"},"tempType":"K","temp":295.44},{"date":"2021-12-04T04:00:00+00:00","city":{"name":"Budapest","picture":"https://firebasestorage.googleapis.com/v0/b/mobile-assignment-server.appspot.com/o/budapest.jpg?alt=media&token=d2bff16e-6e11-433c-89ee-3481043636b5"},"tempType":"C","temp":23.03},{"date":"2021-12-04T00:00:00+00:00","city":{"name":"San Francisco","picture":"https://firebasestorage.googleapis.com/v0/b/mobile-assignment-server.appspot.com/o/san_francisco.jpg?alt=media&token=3192e915-9a72-4342-b247-072b11ca4a10"},"tempType":"K","temp":296.15},{"date":"2021-12-04T00:00:00+00:00","city":{"name":"Amsterdam","picture":"https://firebasestorage.googleapis.com/v0/b/mobile-assignment-server.appspot.com/o/amsterdam.jpg?alt=media&token=98d29e95-1cac-400b-bb7b-9290fea8d508"},"tempType":"K","temp":299.27},{"date":"2021-12-04T20:00:00+00:00","city":{"name":"Budapest","picture":"https://firebasestorage.googleapis.com/v0/b/mobile-assignment-server.appspot.com/o/budapest.jpg?alt=media&token=d2bff16e-6e11-433c-89ee-3481043636b5"},"tempType":"F","temp":74.12},{"date":"2021-12-04T12:00:00+00:00","city":{"name":"San Francisco","picture":"https://firebasestorage.googleapis.com/v0/b/mobile-assignment-server.appspot.com/o/san_francisco.jpg?alt=media&token=3192e915-9a72-4342-b247-072b11ca4a10"},"tempType":"F","temp":73.92},{"date":"2021-12-04T00:00:00+00:00","city":{"name":"Tokyo","picture":"https://firebasestorage.googleapis.com/v0/b/mobile-assignment-server.appspot.com/o/tokyo.jpg?alt=media&token=1ebb10df-b39a-4657-a00c-99219ea28d10"},"tempType":"C","temp":24.67},{"date":"2021-12-04T08:00:00+00:00","city":{"name":"Amsterdam","picture":"https://firebasestorage.googleapis.com/v0/b/mobile-assignment-server.appspot.com/o/amsterdam.jpg?alt=media&token=98d29e95-1cac-400b-bb7b-9290fea8d508"},"tempType":"K","temp":299.7},{"date":"2021-12-04T16:00:00+00:00","city":{"name":"Amsterdam","picture":"https://firebasestorage.googleapis.com/v0/b/mobile-assignment-server.appspot.com/o/amsterdam.jpg?alt=media&token=98d29e95-1cac-400b-bb7b-9290fea8d508"},"tempType":"C","temp":27.84},{"date":"2021-12-04T16:00:00+00:00","city":{"name":"San Francisco","picture":"https://firebasestorage.googleapis.com/v0/b/mobile-assignment-server.appspot.com/o/san_francisco.jpg?alt=media&token=3192e915-9a72-4342-b247-072b11ca4a10"},"tempType":"K","temp":300.31},{"date":"2021-12-04T16:00:00+00:00","city":{"name":"Budapest","picture":"https://firebasestorage.googleapis.com/v0/b/mobile-assignment-server.appspot.com/o/budapest.jpg?alt=media&token=d2bff16e-6e11-433c-89ee-3481043636b5"},"tempType":"F","temp":74.95},{"date":"2021-12-04T00:00:00+00:00","city":{"name":"Budapest","picture":"https://firebasestorage.googleapis.com/v0/b/mobile-assignment-server.appspot.com/o/budapest.jpg?alt=media&token=d2bff16e-6e11-433c-89ee-3481043636b5"},"tempType":"K","temp":302.47},{"date":"2021-12-04T12:00:00+00:00","city":{"name":"Hong Kong","picture":"https://firebasestorage.googleapis.com/v0/b/mobile-assignment-server.appspot.com/o/hong_kong.jpg?alt=media&token=dd206090-d3a8-4338-b57b-6d6df37cdd6f"},"tempType":"C","temp":22.49},{"date":"2021-12-04T04:00:00+00:00","city":{"name":"San Francisco","picture":"https://firebasestorage.googleapis.com/v0/b/mobile-assignment-server.appspot.com/o/san_francisco.jpg?alt=media&token=3192e915-9a72-4342-b247-072b11ca4a10"},"tempType":"F","temp":69.11},{"date":"2021-12-04T04:00:00+00:00","city":{"name":"Tokyo","picture":"https://firebasestorage.googleapis.com/v0/b/mobile-assignment-server.appspot.com/o/tokyo.jpg?alt=media&token=1ebb10df-b39a-4657-a00c-99219ea28d10"},"tempType":"F","temp":85.32},{"date":"2021-12-04T12:00:00+00:00","city":{"name":"Tokyo","picture":"https://firebasestorage.googleapis.com/v0/b/mobile-assignment-server.appspot.com/o/tokyo.jpg?alt=media&token=1ebb10df-b39a-4657-a00c-99219ea28d10"},"tempType":"K","temp":294.48},{"date":"2021-12-04T04:00:00+00:00","city":{"name":"Hong Kong","picture":"https://firebasestorage.googleapis.com/v0/b/mobile-assignment-server.appspot.com/o/hong_kong.jpg?alt=media&token=dd206090-d3a8-4338-b57b-6d6df37cdd6f"},"tempType":"K","temp":298.35},{"date":"2021-12-04T04:00:00+00:00","city":{"name":"Amsterdam","picture":"https://firebasestorage.googleapis.com/v0/b/mobile-assignment-server.appspot.com/o/amsterdam.jpg?alt=media&token=98d29e95-1cac-400b-bb7b-9290fea8d508"},"tempType":"F","temp":82.83},{"date":"2021-12-04T20:00:00+00:00","city":{"name":"San Francisco","picture":"https://firebasestorage.googleapis.com/v0/b/mobile-assignment-server.appspot.com/o/san_francisco.jpg?alt=media&token=3192e915-9a72-4342-b247-072b11ca4a10"},"tempType":"C","temp":24.67},{"date":"2021-12-04T20:00:00+00:00","city":{"name":"Amsterdam","picture":"https://firebasestorage.googleapis.com/v0/b/mobile-assignment-server.appspot.com/o/amsterdam.jpg?alt=media&token=98d29e95-1cac-400b-bb7b-9290fea8d508"},"tempType":"F","temp":78.31},{"date":"2021-12-04T08:00:00+00:00","city":{"name":"Barcelona","picture":"https://firebasestorage.googleapis.com/v0/b/mobile-assignment-server.appspot.com/o/barcelona.jpg?alt=media&token=78363b9d-3c33-432c-9bf8-f60786153b13"},"tempType":"C","temp":23.19},{"date":"2021-12-04T16:00:00+00:00","city":{"name":"Barcelona","picture":"https://firebasestorage.googleapis.com/v0/b/mobile-assignment-server.appspot.com/o/barcelona.jpg?alt=media&token=78363b9d-3c33-432c-9bf8-f60786153b13"},"tempType":"F","temp":71.02},{"date":"2021-12-04T12:00:00+00:00","city":{"name":"Amsterdam","picture":"https://firebasestorage.googleapis.com/v0/b/mobile-assignment-server.appspot.com/o/amsterdam.jpg?alt=media&token=98d29e95-1cac-400b-bb7b-9290fea8d508"},"tempType":"F","temp":72.94},{"date":"2021-12-04T08:00:00+00:00","city":{"name":"Hong Kong","picture":"https://firebasestorage.googleapis.com/v0/b/mobile-assignment-server.appspot.com/o/hong_kong.jpg?alt=media&token=dd206090-d3a8-4338-b57b-6d6df37cdd6f"},"tempType":"C","temp":24.99}]
